,substrates,SMILES,enzyme,seqs,kcats
0,C00009,OP(=O)(O)O,4.1.2.22,MTSPVIGTPWKKLNAPVSEEAIEGVDKYWRAANYLSIGQIYLRSNPLMKEPFTREDVKHRLVGHWGTTPGLNFLIGHINRLIADHQQNTVIIMGPGHGGPAGTAQSYLDGTYTEYFPNITKDEAGLQKFFRQFSYPGGIPSHYAPETPGSIHEGGELGYALSHAYGAVMNNPSLFVPAIVGDGEAETGPLATGWQSNKLINPRTDGIVLPILHLNGYKIANPTILSRISDEELHEFFHGMGYEPYEFVAGFDNEDHLSIHRRFAELFETVFDEICDIKAAAQTDDMTRPFYPMIIFRTPKGWTCPKFIDGKKTEGSWRSHQVPLASARDTEAHFEVLKNWLESYKPEELFDENGAVKPEVTAFMPTGELRIGENPNANGGRIREELKLPKLEDYEVKEVAEYGHGWGQLEATRRLGVYTRDIIKNNPDSFRIFGPDETASNRLQAAYDVTNKQWDAGYLSAQVDEHMAVTGQVTEQLSEHQMEGFLEGYLLTGRHGIWSSYESFVHVIDSMLNQHAKWLEATVREIPWRKPISSMNLLVSSHVWRQDHNGFSHQDPGVTSVLLNKCFNNDHVIGIYFPVDSNMLLAVAEKCYKSTNKINAIIAGKQPAATWLTLDEARAELEKGAAEWKWASNVKSNDEAQIVLAATGDVPTQEIMAAADKLGAMGIKFKVVNVVDLVKLQSAKENNEALSDEEFAELFTEDKPVLFAYHSYARDVRGLIYDRPNHDNFNVHGYEEQGSTTTPYDMVRVNNIDRYELQAEALRMIDADKYADKINELEAFRQEAFQFAVDNGYDHPDYTDWVYSGVNTNKQGAISATAATAGDNE,0.04207511438479828
1,C00085,C(C1C(C(C(O1)(CO)O)O)O)OP(=O)(O)O,4.1.2.22,MTSPVIGTPWKKLNAPVSEEAIEGVDKYWRAANYLSIGQIYLRSNPLMKEPFTREDVKHRLVGHWGTTPGLNFLIGHINRLIADHQQNTVIIMGPGHGGPAGTAQSYLDGTYTEYFPNITKDEAGLQKFFRQFSYPGGIPSHYAPETPGSIHEGGELGYALSHAYGAVMNNPSLFVPAIVGDGEAETGPLATGWQSNKLINPRTDGIVLPILHLNGYKIANPTILSRISDEELHEFFHGMGYEPYEFVAGFDNEDHLSIHRRFAELFETVFDEICDIKAAAQTDDMTRPFYPMIIFRTPKGWTCPKFIDGKKTEGSWRSHQVPLASARDTEAHFEVLKNWLESYKPEELFDENGAVKPEVTAFMPTGELRIGENPNANGGRIREELKLPKLEDYEVKEVAEYGHGWGQLEATRRLGVYTRDIIKNNPDSFRIFGPDETASNRLQAAYDVTNKQWDAGYLSAQVDEHMAVTGQVTEQLSEHQMEGFLEGYLLTGRHGIWSSYESFVHVIDSMLNQHAKWLEATVREIPWRKPISSMNLLVSSHVWRQDHNGFSHQDPGVTSVLLNKCFNNDHVIGIYFPVDSNMLLAVAEKCYKSTNKINAIIAGKQPAATWLTLDEARAELEKGAAEWKWASNVKSNDEAQIVLAATGDVPTQEIMAAADKLGAMGIKFKVVNVVDLVKLQSAKENNEALSDEEFAELFTEDKPVLFAYHSYARDVRGLIYDRPNHDNFNVHGYEEQGSTTTPYDMVRVNNIDRYELQAEALRMIDADKYADKINELEAFRQEAFQFAVDNGYDHPDYTDWVYSGVNTNKQGAISATAATAGDNE,0.8881767036312267
2,C00001,O,4.1.2.22,MTSPVIGTPWKKLNAPVSEEAIEGVDKYWRAANYLSIGQIYLRSNPLMKEPFTREDVKHRLVGHWGTTPGLNFLIGHINRLIADHQQNTVIIMGPGHGGPAGTAQSYLDGTYTEYFPNITKDEAGLQKFFRQFSYPGGIPSHYAPETPGSIHEGGELGYALSHAYGAVMNNPSLFVPAIVGDGEAETGPLATGWQSNKLINPRTDGIVLPILHLNGYKIANPTILSRISDEELHEFFHGMGYEPYEFVAGFDNEDHLSIHRRFAELFETVFDEICDIKAAAQTDDMTRPFYPMIIFRTPKGWTCPKFIDGKKTEGSWRSHQVPLASARDTEAHFEVLKNWLESYKPEELFDENGAVKPEVTAFMPTGELRIGENPNANGGRIREELKLPKLEDYEVKEVAEYGHGWGQLEATRRLGVYTRDIIKNNPDSFRIFGPDETASNRLQAAYDVTNKQWDAGYLSAQVDEHMAVTGQVTEQLSEHQMEGFLEGYLLTGRHGIWSSYESFVHVIDSMLNQHAKWLEATVREIPWRKPISSMNLLVSSHVWRQDHNGFSHQDPGVTSVLLNKCFNNDHVIGIYFPVDSNMLLAVAEKCYKSTNKINAIIAGKQPAATWLTLDEARAELEKGAAEWKWASNVKSNDEAQIVLAATGDVPTQEIMAAADKLGAMGIKFKVVNVVDLVKLQSAKENNEALSDEEFAELFTEDKPVLFAYHSYARDVRGLIYDRPNHDNFNVHGYEEQGSTTTPYDMVRVNNIDRYELQAEALRMIDADKYADKINELEAFRQEAFQFAVDNGYDHPDYTDWVYSGVNTNKQGAISATAATAGDNE,2.0911723652212344
3,C00227,CC(=O)OP(=O)(O)O,4.1.2.22,MTSPVIGTPWKKLNAPVSEEAIEGVDKYWRAANYLSIGQIYLRSNPLMKEPFTREDVKHRLVGHWGTTPGLNFLIGHINRLIADHQQNTVIIMGPGHGGPAGTAQSYLDGTYTEYFPNITKDEAGLQKFFRQFSYPGGIPSHYAPETPGSIHEGGELGYALSHAYGAVMNNPSLFVPAIVGDGEAETGPLATGWQSNKLINPRTDGIVLPILHLNGYKIANPTILSRISDEELHEFFHGMGYEPYEFVAGFDNEDHLSIHRRFAELFETVFDEICDIKAAAQTDDMTRPFYPMIIFRTPKGWTCPKFIDGKKTEGSWRSHQVPLASARDTEAHFEVLKNWLESYKPEELFDENGAVKPEVTAFMPTGELRIGENPNANGGRIREELKLPKLEDYEVKEVAEYGHGWGQLEATRRLGVYTRDIIKNNPDSFRIFGPDETASNRLQAAYDVTNKQWDAGYLSAQVDEHMAVTGQVTEQLSEHQMEGFLEGYLLTGRHGIWSSYESFVHVIDSMLNQHAKWLEATVREIPWRKPISSMNLLVSSHVWRQDHNGFSHQDPGVTSVLLNKCFNNDHVIGIYFPVDSNMLLAVAEKCYKSTNKINAIIAGKQPAATWLTLDEARAELEKGAAEWKWASNVKSNDEAQIVLAATGDVPTQEIMAAADKLGAMGIKFKVVNVVDLVKLQSAKENNEALSDEEFAELFTEDKPVLFAYHSYARDVRGLIYDRPNHDNFNVHGYEEQGSTTTPYDMVRVNNIDRYELQAEALRMIDADKYADKINELEAFRQEAFQFAVDNGYDHPDYTDWVYSGVNTNKQGAISATAATAGDNE,4.451301606796603
4,C00279,C(C(C(C=O)O)O)OP(=O)(O)O,4.1.2.22,MTSPVIGTPWKKLNAPVSEEAIEGVDKYWRAANYLSIGQIYLRSNPLMKEPFTREDVKHRLVGHWGTTPGLNFLIGHINRLIADHQQNTVIIMGPGHGGPAGTAQSYLDGTYTEYFPNITKDEAGLQKFFRQFSYPGGIPSHYAPETPGSIHEGGELGYALSHAYGAVMNNPSLFVPAIVGDGEAETGPLATGWQSNKLINPRTDGIVLPILHLNGYKIANPTILSRISDEELHEFFHGMGYEPYEFVAGFDNEDHLSIHRRFAELFETVFDEICDIKAAAQTDDMTRPFYPMIIFRTPKGWTCPKFIDGKKTEGSWRSHQVPLASARDTEAHFEVLKNWLESYKPEELFDENGAVKPEVTAFMPTGELRIGENPNANGGRIREELKLPKLEDYEVKEVAEYGHGWGQLEATRRLGVYTRDIIKNNPDSFRIFGPDETASNRLQAAYDVTNKQWDAGYLSAQVDEHMAVTGQVTEQLSEHQMEGFLEGYLLTGRHGIWSSYESFVHVIDSMLNQHAKWLEATVREIPWRKPISSMNLLVSSHVWRQDHNGFSHQDPGVTSVLLNKCFNNDHVIGIYFPVDSNMLLAVAEKCYKSTNKINAIIAGKQPAATWLTLDEARAELEKGAAEWKWASNVKSNDEAQIVLAATGDVPTQEIMAAADKLGAMGIKFKVVNVVDLVKLQSAKENNEALSDEEFAELFTEDKPVLFAYHSYARDVRGLIYDRPNHDNFNVHGYEEQGSTTTPYDMVRVNNIDRYELQAEALRMIDADKYADKINELEAFRQEAFQFAVDNGYDHPDYTDWVYSGVNTNKQGAISATAATAGDNE,2.6307396382395907
5,C00009,OP(=O)(O)O,4.1.2.22,MTSPVIGTPWKKLNAPVSEEAIEGVDKYWRAANYLSIGQIYLRSNPLMKEPFTREDVKHRLVGHWGTTPGLNFLIGHINRLIADHQQNTVIIMGPGHGGPAGTAQSYLDGTYTEYFPNITKDEAGLQKFFRQFSYPGGIPSHYAPETPGSIHEGGELGYALSHAYGAVMNNPSLFVPAIVGDGEAETGPLATGWQSNKLINPRTDGIVLPILHLNGYKIANPTILSRISDEELHEFFHGMGYEPYEFVAGFDNEDHLSIHRRFAELFETVFDEICDIKAAAQTDDMTRPFYPMIIFRTPKGWTCPKFIDGKKTEGSWRSHQVPLASARDTEAHFEVLKNWLESYKPEELFDENGAVKPEVTAFMPTGELRIGENPNANGGRIREELKLPKLEDYEVKEVAEYGHGWGQLEATRRLGVYTRDIIKNNPDSFRIFGPDETASNRLQAAYDVTNKQWDAGYLSAQVDEHMAVTGQVTEQLSEHQMEGFLEGYLLTGRHGIWSSYESFVHVIDSMLNQHAKWLEATVREIPWRKPISSMNLLVSSHVWRQDHNGFSHQDPGVTSVLLNKCFNNDHVIGIYFPVDSNMLLAVAEKCYKSTNKINAIIAGKQPAATWLTLDEARAELEKGAAEWKWASNVKSNDEAQIVLAATGDVPTQEIMAAADKLGAMGIKFKVVNVVDLVKLQSAKENNEALSDEEFAELFTEDKPVLFAYHSYARDVRGLIYDRPNHDNFNVHGYEEQGSTTTPYDMVRVNNIDRYELQAEALRMIDADKYADKINELEAFRQEAFQFAVDNGYDHPDYTDWVYSGVNTNKQGAISATAATAGDNE,0.04207511438479828
6,C00231,C(C(C(C(=O)CO)O)O)OP(=O)(O)O,4.1.2.22,MTSPVIGTPWKKLNAPVSEEAIEGVDKYWRAANYLSIGQIYLRSNPLMKEPFTREDVKHRLVGHWGTTPGLNFLIGHINRLIADHQQNTVIIMGPGHGGPAGTAQSYLDGTYTEYFPNITKDEAGLQKFFRQFSYPGGIPSHYAPETPGSIHEGGELGYALSHAYGAVMNNPSLFVPAIVGDGEAETGPLATGWQSNKLINPRTDGIVLPILHLNGYKIANPTILSRISDEELHEFFHGMGYEPYEFVAGFDNEDHLSIHRRFAELFETVFDEICDIKAAAQTDDMTRPFYPMIIFRTPKGWTCPKFIDGKKTEGSWRSHQVPLASARDTEAHFEVLKNWLESYKPEELFDENGAVKPEVTAFMPTGELRIGENPNANGGRIREELKLPKLEDYEVKEVAEYGHGWGQLEATRRLGVYTRDIIKNNPDSFRIFGPDETASNRLQAAYDVTNKQWDAGYLSAQVDEHMAVTGQVTEQLSEHQMEGFLEGYLLTGRHGIWSSYESFVHVIDSMLNQHAKWLEATVREIPWRKPISSMNLLVSSHVWRQDHNGFSHQDPGVTSVLLNKCFNNDHVIGIYFPVDSNMLLAVAEKCYKSTNKINAIIAGKQPAATWLTLDEARAELEKGAAEWKWASNVKSNDEAQIVLAATGDVPTQEIMAAADKLGAMGIKFKVVNVVDLVKLQSAKENNEALSDEEFAELFTEDKPVLFAYHSYARDVRGLIYDRPNHDNFNVHGYEEQGSTTTPYDMVRVNNIDRYELQAEALRMIDADKYADKINELEAFRQEAFQFAVDNGYDHPDYTDWVYSGVNTNKQGAISATAATAGDNE,1.3051931103184102
7,C00001,O,4.1.2.22,MTSPVIGTPWKKLNAPVSEEAIEGVDKYWRAANYLSIGQIYLRSNPLMKEPFTREDVKHRLVGHWGTTPGLNFLIGHINRLIADHQQNTVIIMGPGHGGPAGTAQSYLDGTYTEYFPNITKDEAGLQKFFRQFSYPGGIPSHYAPETPGSIHEGGELGYALSHAYGAVMNNPSLFVPAIVGDGEAETGPLATGWQSNKLINPRTDGIVLPILHLNGYKIANPTILSRISDEELHEFFHGMGYEPYEFVAGFDNEDHLSIHRRFAELFETVFDEICDIKAAAQTDDMTRPFYPMIIFRTPKGWTCPKFIDGKKTEGSWRSHQVPLASARDTEAHFEVLKNWLESYKPEELFDENGAVKPEVTAFMPTGELRIGENPNANGGRIREELKLPKLEDYEVKEVAEYGHGWGQLEATRRLGVYTRDIIKNNPDSFRIFGPDETASNRLQAAYDVTNKQWDAGYLSAQVDEHMAVTGQVTEQLSEHQMEGFLEGYLLTGRHGIWSSYESFVHVIDSMLNQHAKWLEATVREIPWRKPISSMNLLVSSHVWRQDHNGFSHQDPGVTSVLLNKCFNNDHVIGIYFPVDSNMLLAVAEKCYKSTNKINAIIAGKQPAATWLTLDEARAELEKGAAEWKWASNVKSNDEAQIVLAATGDVPTQEIMAAADKLGAMGIKFKVVNVVDLVKLQSAKENNEALSDEEFAELFTEDKPVLFAYHSYARDVRGLIYDRPNHDNFNVHGYEEQGSTTTPYDMVRVNNIDRYELQAEALRMIDADKYADKINELEAFRQEAFQFAVDNGYDHPDYTDWVYSGVNTNKQGAISATAATAGDNE,2.0911723652212344
8,C00118,C(C(C=O)O)OP(=O)(O)O,4.1.2.22,MTSPVIGTPWKKLNAPVSEEAIEGVDKYWRAANYLSIGQIYLRSNPLMKEPFTREDVKHRLVGHWGTTPGLNFLIGHINRLIADHQQNTVIIMGPGHGGPAGTAQSYLDGTYTEYFPNITKDEAGLQKFFRQFSYPGGIPSHYAPETPGSIHEGGELGYALSHAYGAVMNNPSLFVPAIVGDGEAETGPLATGWQSNKLINPRTDGIVLPILHLNGYKIANPTILSRISDEELHEFFHGMGYEPYEFVAGFDNEDHLSIHRRFAELFETVFDEICDIKAAAQTDDMTRPFYPMIIFRTPKGWTCPKFIDGKKTEGSWRSHQVPLASARDTEAHFEVLKNWLESYKPEELFDENGAVKPEVTAFMPTGELRIGENPNANGGRIREELKLPKLEDYEVKEVAEYGHGWGQLEATRRLGVYTRDIIKNNPDSFRIFGPDETASNRLQAAYDVTNKQWDAGYLSAQVDEHMAVTGQVTEQLSEHQMEGFLEGYLLTGRHGIWSSYESFVHVIDSMLNQHAKWLEATVREIPWRKPISSMNLLVSSHVWRQDHNGFSHQDPGVTSVLLNKCFNNDHVIGIYFPVDSNMLLAVAEKCYKSTNKINAIIAGKQPAATWLTLDEARAELEKGAAEWKWASNVKSNDEAQIVLAATGDVPTQEIMAAADKLGAMGIKFKVVNVVDLVKLQSAKENNEALSDEEFAELFTEDKPVLFAYHSYARDVRGLIYDRPNHDNFNVHGYEEQGSTTTPYDMVRVNNIDRYELQAEALRMIDADKYADKINELEAFRQEAFQFAVDNGYDHPDYTDWVYSGVNTNKQGAISATAATAGDNE,2.391302108970919
9,C00227,CC(=O)OP(=O)(O)O,4.1.2.22,MTSPVIGTPWKKLNAPVSEEAIEGVDKYWRAANYLSIGQIYLRSNPLMKEPFTREDVKHRLVGHWGTTPGLNFLIGHINRLIADHQQNTVIIMGPGHGGPAGTAQSYLDGTYTEYFPNITKDEAGLQKFFRQFSYPGGIPSHYAPETPGSIHEGGELGYALSHAYGAVMNNPSLFVPAIVGDGEAETGPLATGWQSNKLINPRTDGIVLPILHLNGYKIANPTILSRISDEELHEFFHGMGYEPYEFVAGFDNEDHLSIHRRFAELFETVFDEICDIKAAAQTDDMTRPFYPMIIFRTPKGWTCPKFIDGKKTEGSWRSHQVPLASARDTEAHFEVLKNWLESYKPEELFDENGAVKPEVTAFMPTGELRIGENPNANGGRIREELKLPKLEDYEVKEVAEYGHGWGQLEATRRLGVYTRDIIKNNPDSFRIFGPDETASNRLQAAYDVTNKQWDAGYLSAQVDEHMAVTGQVTEQLSEHQMEGFLEGYLLTGRHGIWSSYESFVHVIDSMLNQHAKWLEATVREIPWRKPISSMNLLVSSHVWRQDHNGFSHQDPGVTSVLLNKCFNNDHVIGIYFPVDSNMLLAVAEKCYKSTNKINAIIAGKQPAATWLTLDEARAELEKGAAEWKWASNVKSNDEAQIVLAATGDVPTQEIMAAADKLGAMGIKFKVVNVVDLVKLQSAKENNEALSDEEFAELFTEDKPVLFAYHSYARDVRGLIYDRPNHDNFNVHGYEEQGSTTTPYDMVRVNNIDRYELQAEALRMIDADKYADKINELEAFRQEAFQFAVDNGYDHPDYTDWVYSGVNTNKQGAISATAATAGDNE,4.451301606796603
10,C04348,CC(C)(COP(=O)(O)OP(=O)(O)OCC1C(C(C(O1)N2C=NC3=C(N=CN=C32)N)O)OP(=O)(O)O)C(C(=O)NCCC(=O)NCCSC(=O)CC(C(=O)O)O)O,4.1.3.24,MSFRLQPAPPARPNRCQLFGPGSRPALFEKMAASAADVINLDLEDSVAPDDKAQARANIIEAINGLDWGRKYLSVRINGLDTPFWYRDVVDLLEQAGDRLDQIMIPKVGCAADVYAVDALVTAIERAKGRTKPLSFEVIIESAAGIAHVEEIAASSPRLQAMSLGAADFAASMGMQTTGIGGTQENYYMLHDGQKHWSDPWHWAQAAIVAACRTHGILPVDGPFGDFSDDEGFRAQARRSATLGMVGKWAIHPKQVALANEVFTPSETAVTEAREILAAMDAAKARGEGATVYKGRLVDIASIKQAEVIVRQAEMISA,0.37470772566983845
11,C00024,CC(=O)SCCNC(=O)CCNC(=O)C(C(C)(C)COP(=O)(O)OP(=O)(O)OCC1C(C(C(O1)N2C=NC3=C(N=CN=C32)N)O)OP(=O)(O)O)O,4.1.3.24,MSFRLQPAPPARPNRCQLFGPGSRPALFEKMAASAADVINLDLEDSVAPDDKAQARANIIEAINGLDWGRKYLSVRINGLDTPFWYRDVVDLLEQAGDRLDQIMIPKVGCAADVYAVDALVTAIERAKGRTKPLSFEVIIESAAGIAHVEEIAASSPRLQAMSLGAADFAASMGMQTTGIGGTQENYYMLHDGQKHWSDPWHWAQAAIVAACRTHGILPVDGPFGDFSDDEGFRAQARRSATLGMVGKWAIHPKQVALANEVFTPSETAVTEAREILAAMDAAKARGEGATVYKGRLVDIASIKQAEVIVRQAEMISA,0.45810022908872855
12,C00048,C(=O)C(=O)O,4.1.3.24,MSFRLQPAPPARPNRCQLFGPGSRPALFEKMAASAADVINLDLEDSVAPDDKAQARANIIEAINGLDWGRKYLSVRINGLDTPFWYRDVVDLLEQAGDRLDQIMIPKVGCAADVYAVDALVTAIERAKGRTKPLSFEVIIESAAGIAHVEEIAASSPRLQAMSLGAADFAASMGMQTTGIGGTQENYYMLHDGQKHWSDPWHWAQAAIVAACRTHGILPVDGPFGDFSDDEGFRAQARRSATLGMVGKWAIHPKQVALANEVFTPSETAVTEAREILAAMDAAKARGEGATVYKGRLVDIASIKQAEVIVRQAEMISA,0.8337845111116609
13,C01011,CC(C)(COP(=O)(O)OP(=O)(O)OCC1C(C(C(O1)N2C=NC3=C(N=CN=C32)N)O)OP(=O)(O)O)C(C(=O)NCCC(=O)NCCSC(=O)CC(C)(C(=O)O)O)O,4.1.3.24,MSFRLQPAPPARPNRCQLFGPGSRPALFEKMAASAADVINLDLEDSVAPDDKAQARANIIEAINGLDWGRKYLSVRINGLDTPFWYRDVVDLLEQAGDRLDQIMIPKVGCAADVYAVDALVTAIERAKGRTKPLSFEVIIESAAGIAHVEEIAASSPRLQAMSLGAADFAASMGMQTTGIGGTQENYYMLHDGQKHWSDPWHWAQAAIVAACRTHGILPVDGPFGDFSDDEGFRAQARRSATLGMVGKWAIHPKQVALANEVFTPSETAVTEAREILAAMDAAKARGEGATVYKGRLVDIASIKQAEVIVRQAEMISA,0.4508419611733313
14,C00022,CC(=O)C(=O)O,4.1.3.24,MSFRLQPAPPARPNRCQLFGPGSRPALFEKMAASAADVINLDLEDSVAPDDKAQARANIIEAINGLDWGRKYLSVRINGLDTPFWYRDVVDLLEQAGDRLDQIMIPKVGCAADVYAVDALVTAIERAKGRTKPLSFEVIIESAAGIAHVEEIAASSPRLQAMSLGAADFAASMGMQTTGIGGTQENYYMLHDGQKHWSDPWHWAQAAIVAACRTHGILPVDGPFGDFSDDEGFRAQARRSATLGMVGKWAIHPKQVALANEVFTPSETAVTEAREILAAMDAAKARGEGATVYKGRLVDIASIKQAEVIVRQAEMISA,0.6161300661891482
15,C00024,CC(=O)SCCNC(=O)CCNC(=O)C(C(C)(C)COP(=O)(O)OP(=O)(O)OCC1C(C(C(O1)N2C=NC3=C(N=CN=C32)N)O)OP(=O)(O)O)O,4.1.3.24,MSFRLQPAPPARPNRCQLFGPGSRPALFEKMAASAADVINLDLEDSVAPDDKAQARANIIEAINGLDWGRKYLSVRINGLDTPFWYRDVVDLLEQAGDRLDQIMIPKVGCAADVYAVDALVTAIERAKGRTKPLSFEVIIESAAGIAHVEEIAASSPRLQAMSLGAADFAASMGMQTTGIGGTQENYYMLHDGQKHWSDPWHWAQAAIVAACRTHGILPVDGPFGDFSDDEGFRAQARRSATLGMVGKWAIHPKQVALANEVFTPSETAVTEAREILAAMDAAKARGEGATVYKGRLVDIASIKQAEVIVRQAEMISA,0.45810022908872855
16,C00048,C(=O)C(=O)O,4.1.3.24,MSFRLQPAPPARPNRCQLFGPGSRPALFEKMAASAADVINLDLEDSVAPDDKAQARANIIEAINGLDWGRKYLSVRINGLDTPFWYRDVVDLLEQAGDRLDQIMIPKVGCAADVYAVDALVTAIERAKGRTKPLSFEVIIESAAGIAHVEEIAASSPRLQAMSLGAADFAASMGMQTTGIGGTQENYYMLHDGQKHWSDPWHWAQAAIVAACRTHGILPVDGPFGDFSDDEGFRAQARRSATLGMVGKWAIHPKQVALANEVFTPSETAVTEAREILAAMDAAKARGEGATVYKGRLVDIASIKQAEVIVRQAEMISA,0.8337845111116609
17,C00100,CCC(=O)SCCNC(=O)CCNC(=O)C(C(C)(C)COP(=O)(O)OP(=O)(O)OCC1C(C(C(O1)N2C=NC3=C(N=CN=C32)N)O)OP(=O)(O)O)O,4.1.3.24,MSFRLQPAPPARPNRCQLFGPGSRPALFEKMAASAADVINLDLEDSVAPDDKAQARANIIEAINGLDWGRKYLSVRINGLDTPFWYRDVVDLLEQAGDRLDQIMIPKVGCAADVYAVDALVTAIERAKGRTKPLSFEVIIESAAGIAHVEEIAASSPRLQAMSLGAADFAASMGMQTTGIGGTQENYYMLHDGQKHWSDPWHWAQAAIVAACRTHGILPVDGPFGDFSDDEGFRAQARRSATLGMVGKWAIHPKQVALANEVFTPSETAVTEAREILAAMDAAKARGEGATVYKGRLVDIASIKQAEVIVRQAEMISA,0.3713191228420756
18,C06027,CC(C(C(=O)O)O)C(=O)SCCNC(=O)CCNC(=O)C(C(C)(C)COP(=O)(O)OP(=O)(O)OCC1C(C(C(O1)N2C=NC3=C(N=CN=C32)N)O)OP(=O)(O)O)O,4.1.3.24,MSFRLQPAPPARPNRCQLFGPGSRPALFEKMAASAADVINLDLEDSVAPDDKAQARANIIEAINGLDWGRKYLSVRINGLDTPFWYRDVVDLLEQAGDRLDQIMIPKVGCAADVYAVDALVTAIERAKGRTKPLSFEVIIESAAGIAHVEEIAASSPRLQAMSLGAADFAASMGMQTTGIGGTQENYYMLHDGQKHWSDPWHWAQAAIVAACRTHGILPVDGPFGDFSDDEGFRAQARRSATLGMVGKWAIHPKQVALANEVFTPSETAVTEAREILAAMDAAKARGEGATVYKGRLVDIASIKQAEVIVRQAEMISA,0.40679107016910665
19,C00185,C(C1C(C(C(C(O1)OC2C(OC(C(C2O)O)O)CO)O)O)O)O,2.3.3.16,MSILANKDTRAVIIGGVAGVNAAKRMAQFDYLINRPLTVQAFVYPPEAGQQKEIFRGGELKNVTVYPSLAPALNEHPDINTALIYLGASRATEAAMEALESPNIQLVSMITEGVPEKDAKRLKKLAQKLGKMLNGPSSIGIMSAGECRLGVIGGEYRNLKLCNLYRQGSFGVLTKSGGLSNEAMWLCAQNGDGITSAVAIGGDAYPGTDFVTYLEMFEKDPATKAVVMIGEVGGNLEEEAAEWLAAEPRRIKLIAAIGGTCQEVLPQGMKFGHAGAKEGKKGAGSARSKMNALREAGALVPDTFGGLSKAIKQVYEELLASGAIKPKPEIDEALLPELPPSVQEVMKQGEVVVEPLIRTTISDDRGEEPRYAGYAASELCSKGYGIEDVIGLLWSKKLPSREESEIIKRIIMISADHGPAVSGAFGTILAACAGIDMPQAVSAGMTMIGPRFGGAVTNAGKYFKMGVKEYPNDIPGFLAWMKKNVGPVPGIGHRVKSLRNPDQRVKYLVSYVKNETSLHTPILNYALEVEKITTAKKENLILNVDGTIGCILMDLGFPEHSLNGFFVLARTIGMIGHWIDQNNQNSRLIRLYDYLINYAVKPERPVPDKK,7.318567493115412
20,C00010,CC(C)(COP(=O)(O)OP(=O)(O)OCC1C(C(C(O1)N2C=NC3=C(N=CN=C32)N)O)OP(=O)(O)O)C(C(=O)NCCC(=O)NCCS)O,2.3.3.16,MSILANKDTRAVIIGGVAGVNAAKRMAQFDYLINRPLTVQAFVYPPEAGQQKEIFRGGELKNVTVYPSLAPALNEHPDINTALIYLGASRATEAAMEALESPNIQLVSMITEGVPEKDAKRLKKLAQKLGKMLNGPSSIGIMSAGECRLGVIGGEYRNLKLCNLYRQGSFGVLTKSGGLSNEAMWLCAQNGDGITSAVAIGGDAYPGTDFVTYLEMFEKDPATKAVVMIGEVGGNLEEEAAEWLAAEPRRIKLIAAIGGTCQEVLPQGMKFGHAGAKEGKKGAGSARSKMNALREAGALVPDTFGGLSKAIKQVYEELLASGAIKPKPEIDEALLPELPPSVQEVMKQGEVVVEPLIRTTISDDRGEEPRYAGYAASELCSKGYGIEDVIGLLWSKKLPSREESEIIKRIIMISADHGPAVSGAFGTILAACAGIDMPQAVSAGMTMIGPRFGGAVTNAGKYFKMGVKEYPNDIPGFLAWMKKNVGPVPGIGHRVKSLRNPDQRVKYLVSYVKNETSLHTPILNYALEVEKITTAKKENLILNVDGTIGCILMDLGFPEHSLNGFFVLARTIGMIGHWIDQNNQNSRLIRLYDYLINYAVKPERPVPDKK,5.625444907236264
21,C00024,CC(=O)SCCNC(=O)CCNC(=O)C(C(C)(C)COP(=O)(O)OP(=O)(O)OCC1C(C(C(O1)N2C=NC3=C(N=CN=C32)N)O)OP(=O)(O)O)O,2.3.3.16,MSILANKDTRAVIIGGVAGVNAAKRMAQFDYLINRPLTVQAFVYPPEAGQQKEIFRGGELKNVTVYPSLAPALNEHPDINTALIYLGASRATEAAMEALESPNIQLVSMITEGVPEKDAKRLKKLAQKLGKMLNGPSSIGIMSAGECRLGVIGGEYRNLKLCNLYRQGSFGVLTKSGGLSNEAMWLCAQNGDGITSAVAIGGDAYPGTDFVTYLEMFEKDPATKAVVMIGEVGGNLEEEAAEWLAAEPRRIKLIAAIGGTCQEVLPQGMKFGHAGAKEGKKGAGSARSKMNALREAGALVPDTFGGLSKAIKQVYEELLASGAIKPKPEIDEALLPELPPSVQEVMKQGEVVVEPLIRTTISDDRGEEPRYAGYAASELCSKGYGIEDVIGLLWSKKLPSREESEIIKRIIMISADHGPAVSGAFGTILAACAGIDMPQAVSAGMTMIGPRFGGAVTNAGKYFKMGVKEYPNDIPGFLAWMKKNVGPVPGIGHRVKSLRNPDQRVKYLVSYVKNETSLHTPILNYALEVEKITTAKKENLILNVDGTIGCILMDLGFPEHSLNGFFVLARTIGMIGHWIDQNNQNSRLIRLYDYLINYAVKPERPVPDKK,5.352667529308486
22,C00001,O,2.3.3.16,MSILANKDTRAVIIGGVAGVNAAKRMAQFDYLINRPLTVQAFVYPPEAGQQKEIFRGGELKNVTVYPSLAPALNEHPDINTALIYLGASRATEAAMEALESPNIQLVSMITEGVPEKDAKRLKKLAQKLGKMLNGPSSIGIMSAGECRLGVIGGEYRNLKLCNLYRQGSFGVLTKSGGLSNEAMWLCAQNGDGITSAVAIGGDAYPGTDFVTYLEMFEKDPATKAVVMIGEVGGNLEEEAAEWLAAEPRRIKLIAAIGGTCQEVLPQGMKFGHAGAKEGKKGAGSARSKMNALREAGALVPDTFGGLSKAIKQVYEELLASGAIKPKPEIDEALLPELPPSVQEVMKQGEVVVEPLIRTTISDDRGEEPRYAGYAASELCSKGYGIEDVIGLLWSKKLPSREESEIIKRIIMISADHGPAVSGAFGTILAACAGIDMPQAVSAGMTMIGPRFGGAVTNAGKYFKMGVKEYPNDIPGFLAWMKKNVGPVPGIGHRVKSLRNPDQRVKYLVSYVKNETSLHTPILNYALEVEKITTAKKENLILNVDGTIGCILMDLGFPEHSLNGFFVLARTIGMIGHWIDQNNQNSRLIRLYDYLINYAVKPERPVPDKK,2.198525642907188
23,C00036,C(C(=O)C(=O)O)C(=O)O,2.3.3.16,MSILANKDTRAVIIGGVAGVNAAKRMAQFDYLINRPLTVQAFVYPPEAGQQKEIFRGGELKNVTVYPSLAPALNEHPDINTALIYLGASRATEAAMEALESPNIQLVSMITEGVPEKDAKRLKKLAQKLGKMLNGPSSIGIMSAGECRLGVIGGEYRNLKLCNLYRQGSFGVLTKSGGLSNEAMWLCAQNGDGITSAVAIGGDAYPGTDFVTYLEMFEKDPATKAVVMIGEVGGNLEEEAAEWLAAEPRRIKLIAAIGGTCQEVLPQGMKFGHAGAKEGKKGAGSARSKMNALREAGALVPDTFGGLSKAIKQVYEELLASGAIKPKPEIDEALLPELPPSVQEVMKQGEVVVEPLIRTTISDDRGEEPRYAGYAASELCSKGYGIEDVIGLLWSKKLPSREESEIIKRIIMISADHGPAVSGAFGTILAACAGIDMPQAVSAGMTMIGPRFGGAVTNAGKYFKMGVKEYPNDIPGFLAWMKKNVGPVPGIGHRVKSLRNPDQRVKYLVSYVKNETSLHTPILNYALEVEKITTAKKENLILNVDGTIGCILMDLGFPEHSLNGFFVLARTIGMIGHWIDQNNQNSRLIRLYDYLINYAVKPERPVPDKK,11.214895442408453
